                 ,kcat1               ,kcat2               ,Km1                  ,Km2                    ,Tmax               ,Ken                ,kAB                      ,kAN                  ,kAOH                 ,kNH                   ,RMSE                ,Mass_error
Best neldermead  ,0.176111242         ,0.428768542         , 1.71836876          , 0.0142996053          ,0.953931641        ,18.2350367         ,   0.00345380244         ,0.484532693          ,  23.2604795         ,  2.39272396          , 2.13070978509143   , 13.701039757775282
lucas nm         ,0.17290942221918154 ,0.34959309403122385 , 0.04813002863412254 , 0.0034833942846037333 ,0.9999999880841125 ,20.108146781742416 ,   0.0010000022223703147 ,0.012264941960872166 ,  28.77428654693246  ,  0.40371880587817743 , 2.1651994979906646 , 13.719261109193363
luci nm          ,0.2552980055857089  ,1.4951290724088973  , 0.08821797103532861 ,21.460858933880218     ,0.9900095035211909 ,15.04972550538322  ,   3.2036745303209733    ,0.007125840356580405 ,  19.300041862752103 ,431.543495681568      , 2.0980147867194696 , 16.066937328255467
andrew et al. nm ,0.59                ,3.07                , 0.2                 ,27.47                  ,0.96               ,16.03              ,2672.04                  ,4.59                 ,   4.51              ,  0.0                 ,11.956429260133199  ,114.32935557341989
GA initial guess ,0.545154072         ,0.0469012342        ,30.0                 , 2.3328842             ,0.980474252        ,21.7494884         , 863.474152              ,1.17602603           ,4999.99062           , 17.4083716           , 1.8618826903296544 , 13.759758059013686
GA nm            ,0.4606451383694893  ,0.8844560404318514  ,30.0                 , 4.683623415932352     ,0.9895226927782403 ,12.371258270835344 ,  76.58859446351184      ,1.3138388689877063   , 500.0               ,  0.6230566112780248  , 1.9486542160245754 , 14.785163633865883
