AMOX;NH;AB;AOH;Vs;mM e mM/min
10;0;0;0;0.025273
30;0;0;0;0.0461778
50;0;0;0;0.135725
80;0;0;0;0.168799
